Kennziffer;Raumeinheit;Aggregat;Arbeitslosenquote;Beschäftigte am Wohnort ohne Berufsabschluss;Beschäftigte am Wohnort mit akademischem Abschluss;Frauenanteil;Ausländeranteil;Stimmenanteile AfD;Haushaltseinkommen;Medianeinkommen;Krankenhausbetten;Einwohner je Arzt;Einwohnerdichte
;;;2017;2017;2017;2017;2017;2017;2017;2017;2016;2017;2017
"01001";"Flensburg, Stadt";"krsfr. Stadt";"8,9";"15,7";"14,0";"50,2";"13,3";"7,5";"1.598";"2.986";"9,47";"461,0";"1.560"
"01002";"Kiel, Stadt";"krsfr. Stadt";"9,1";"13,9";"20,5";"51,3";"11,3";"6,9";"1.604";"3.304";"9,84";"434,2";"2.090"
"01003";"Lübeck, Stadt";"krsfr. Stadt";"8,6";"12,8";"14,2";"52,0";"9,7";"8,9";"1.698";"3.036";"9,15";"461,2";"1.010"
"01004";"Neumünster, Stadt";"krsfr. Stadt";"9,2";"15,0";"6,9";"50,6";"11,0";"10,3";"1.606";"2.842";"8,62";"610,3";"1.108"
"01051";"Dithmarschen";"Landkreis";"6,8";"12,7";"6,8";"50,6";"5,6";"8,6";"1.906";"2.914";"5,26";"780,4";"93"
"01053";"Herzogtum Lauenburg";"Landkreis";"5,5";"10,8";"10,6";"50,9";"7,5";"10,2";"1.955";"2.832";"3,14";"793,8";"155"
"01054";"Nordfriesland";"Landkreis";"6,1";"11,7";"6,9";"51,0";"6,8";"5,8";"2.135";"2.768";"4,39";"752,1";"79"
"01055";"Ostholstein";"Landkreis";"5,6";"10,6";"8,0";"51,7";"5,5";"8,5";"1.923";"2.636";"8,24";"657,7";"151"
"01056";"Pinneberg";"Landkreis";"5,0";"11,4";"12,7";"50,9";"10,1";"8,6";"2.052";"3.036";"3,11";"779,7";"471"
"01057";"Plön";"Landkreis";"5,0";"10,7";"11,0";"51,4";"4,7";"7,7";"1.916";"2.771";"1,93";"795,3";"112"
"01058";"Rendsburg-Eckernförde";"Landkreis";"4,9";"11,0";"11,7";"50,8";"5,0";"7,3";"1.971";"2.945";"4,11";"746,0";"125"
"01059";"Schleswig-Flensburg";"Landkreis";"6,0";"12,3";"8,3";"50,5";"5,1";"6,6";"1.905";"2.715";"3,47";"859,9";"96"
"01060";"Segeberg";"Landkreis";"4,7";"11,4";"10,6";"50,6";"8,1";"9,0";"1.932";"3.031";"6,13";"851,0";"198"
"01061";"Steinburg";"Landkreis";"6,1";"12,1";"8,3";"50,6";"6,6";"8,2";"1.804";"2.991";"4,50";"735,3";"125"
"01062";"Stormarn";"Landkreis";"3,4";"9,8";"14,4";"51,1";"7,0";"9,1";"2.121";"3.023";"4,72";"784,7";"334"
"02000";"Hamburg, Stadt";"krsfr. Stadt";"6,8";"12,6";"24,7";"51,0";"16,2";"7,8";"2.022";"3.619";"6,93";"549,2";"2.424"
"03101";"Braunschweig, Stadt";"krsfr. Stadt";"5,8";"10,7";"27,6";"50,5";"9,7";"8,4";"1.871";"3.438";"8,07";"503,1";"1.287"
"03102";"Salzgitter, Stadt";"krsfr. Stadt";"10,5";"14,4";"7,3";"50,3";"16,9";"16,4";"1.651";"4.085";"4,28";"590,7";"466"
"03103";"Wolfsburg, Stadt";"krsfr. Stadt";"4,9";"8,8";"17,1";"50,3";"14,3";"11,7";"2.064";"4.622";"4,44";"590,1";"606"
"03151";"Gifhorn";"Landkreis";"4,7";"10,0";"13,4";"49,9";"6,2";"11,4";"1.993";"3.136";"2,51";"1.036,0";"112"
"03153";"Goslar";"Landkreis";"7,1";"11,1";"10,8";"50,6";"8,9";"11,1";"1.756";"2.858";"7,81";"681,0";"142"
"03154";"Helmstedt";"Landkreis";"6,9";"9,1";"10,4";"50,4";"6,6";"9,9";"1.945";"2.720";"8,54";"849,3";"136"
"03155";"Northeim";"Landkreis";"5,8";"12,0";"8,4";"50,8";"5,9";"9,5";"1.859";"2.931";"3,56";"707,7";"105"
"03157";"Peine";"Landkreis";"5,3";"11,8";"10,4";"50,6";"7,2";"10,3";"1.815";"2.946";"2,32";"849,5";"249"
"03158";"Wolfenbüttel";"Landkreis";"5,5";"10,2";"14,5";"50,5";"5,9";"9,9";"1.869";"2.979";"2,45";"879,1";"166"
"03159";"Göttingen";"Landkreis";"5,9";"11,7";"18,7";"50,9";"8,1";"8,1";"1.739";"3.128";"10,34";"575,5";"187"
"03241";"Region Hannover";"Landkreis";"7,1";"12,2";"18,5";"51,1";"13,1";"9,4";"1.798";"3.387";"6,17";"613,1";"502"
"03251";"Diepholz";"Landkreis";"4,2";"11,1";"8,9";"50,3";"7,8";"8,4";"1.963";"2.822";"2,23";"968,7";"108"
"03252";"Hameln-Pyrmont";"Landkreis";"6,8";"11,4";"9,6";"51,7";"9,7";"10,5";"1.830";"3.142";"7,45";"680,3";"186"
"03254";"Hildesheim";"Landkreis";"6,4";"11,4";"12,8";"51,3";"7,6";"9,3";"1.776";"3.044";"6,15";"678,0";"229"
"03255";"Holzminden";"Landkreis";"6,7";"13,6";"8,6";"50,5";"7,0";"9,6";"1.793";"3.132";"2,89";"808,5";"102"
"03256";"Nienburg (Weser)";"Landkreis";"5,3";"13,7";"7,1";"50,3";"7,7";"9,8";"1.781";"2.866";"2,95";"934,4";"87"
"03257";"Schaumburg";"Landkreis";"6,0";"10,9";"10,0";"51,1";"8,2";"10,3";"1.820";"2.880";"3,76";"818,0";"234"
"03351";"Celle";"Landkreis";"7,1";"11,5";"9,6";"50,8";"7,4";"11,7";"1.739";"3.154";"3,89";"715,1";"115"
"03352";"Cuxhaven";"Landkreis";"5,5";"12,0";"7,7";"51,0";"6,2";"8,9";"1.843";"2.768";"3,40";"921,4";"96"
"03353";"Harburg";"Landkreis";"4,1";"10,0";"13,1";"50,7";"7,3";"10,0";"2.134";"2.718";"2,96";"917,9";"201"
"03354";"Lüchow-Dannenberg";"Landkreis";"8,1";"9,7";"8,7";"50,9";"5,3";"7,8";"1.763";"2.700";"2,42";"732,7";"39"
"03355";"Lüneburg";"Landkreis";"5,6";"11,2";"16,4";"51,1";"6,6";"9,2";"1.739";"2.890";"4,86";"682,6";"138"
"03356";"Osterholz";"Landkreis";"3,8";"10,5";"11,5";"50,8";"5,3";"9,6";"1.903";"2.737";"1,91";"876,8";"173"
"03357";"Rotenburg (Wümme)";"Landkreis";"4,3";"12,5";"8,0";"49,7";"6,0";"8,1";"1.892";"2.850";"6,37";"833,6";"79"
"03358";"Heidekreis";"Landkreis";"6,1";"12,8";"7,3";"50,1";"7,7";"9,7";"1.759";"2.892";"3,31";"837,9";"74"
"03359";"Stade";"Landkreis";"5,6";"12,2";"10,8";"50,3";"8,0";"9,5";"1.911";"3.098";"4,61";"801,1";"159"
"03360";"Uelzen";"Landkreis";"5,8";"11,0";"9,1";"51,1";"5,5";"9,4";"1.776";"2.766";"8,87";"697,3";"63"
"03361";"Verden";"Landkreis";"4,8";"12,5";"10,9";"50,8";"7,2";"9,7";"1.970";"2.926";"1,93";"789,5";"173"
"03401";"Delmenhorst, Stadt";"krsfr. Stadt";"10,2";"13,8";"6,8";"50,5";"14,6";"13,1";"1.611";"2.815";"4,63";"711,2";"1.241"
"03402";"Emden, Stadt";"krsfr. Stadt";"8,7";"12,5";"10,6";"49,9";"9,7";"10,0";"1.575";"3.562";"6,93";"617,2";"450"
"03403";"Oldenburg (Oldenburg), Stadt";"krsfr. Stadt";"7,3";"11,7";"22,1";"52,2";"9,3";"6,7";"1.653";"3.152";"10,28";"476,0";"1.621"
"03404";"Osnabrück, Stadt";"krsfr. Stadt";"7,5";"13,8";"21,3";"51,6";"12,7";"6,2";"1.752";"3.245";"12,88";"438,3";"1.372"
"03405";"Wilhelmshaven, Stadt";"krsfr. Stadt";"11,3";"13,6";"9,1";"50,8";"8,5";"10,6";"1.540";"3.169";"8,19";"508,8";"713"
"03451";"Ammerland";"Landkreis";"4,3";"10,6";"9,9";"51,1";"5,6";"7,9";"1.879";"2.809";"6,80";"801,1";"169"
"03452";"Aurich";"Landkreis";"6,9";"11,4";"7,4";"50,7";"5,4";"8,9";"1.730";"2.785";"3,69";"778,5";"148"
"03453";"Cloppenburg";"Landkreis";"4,8";"15,9";"6,0";"49,4";"10,1";"9,1";"1.753";"2.609";"2,87";"1.011,6";"118"
"03454";"Emsland";"Landkreis";"3,0";"11,2";"8,7";"49,2";"10,3";"6,3";"1.834";"2.972";"5,47";"834,1";"112"
"03455";"Friesland";"Landkreis";"5,3";"10,4";"8,8";"51,2";"4,3";"8,2";"1.751";"2.898";"5,05";"729,7";"162"
"03456";"Grafschaft Bentheim";"Landkreis";"3,7";"11,4";"7,5";"50,0";"14,1";"5,3";"1.711";"2.833";"4,41";"823,4";"138"
"03457";"Leer";"Landkreis";"6,0";"11,6";"7,7";"50,1";"7,5";"9,2";"1.636";"2.761";"4,19";"764,5";"156"
"03458";"Oldenburg";"Landkreis";"3,7";"11,1";"9,6";"50,4";"8,1";"8,9";"1.938";"2.720";"1,77";"921,4";"122"
"03459";"Osnabrück";"Landkreis";"3,4";"12,4";"9,0";"50,3";"7,7";"7,0";"1.932";"2.808";"4,53";"828,2";"168"
"03460";"Vechta";"Landkreis";"3,9";"14,9";"8,5";"49,4";"11,7";"7,0";"1.925";"2.821";"6,36";"789,6";"173"
"03461";"Wesermarsch";"Landkreis";"6,8";"12,6";"6,9";"49,9";"7,5";"8,3";"1.805";"3.428";"2,21";"856,0";"108"
"03462";"Wittmund";"Landkreis";"6,3";"11,7";"5,6";"50,8";"4,3";"8,6";"1.785";"2.685";"2,88";"945,5";"86"
"04011";"Bremen, Stadt";"krsfr. Stadt";"9,7";"14,1";"20,4";"50,6";"17,5";"9,5";"1.824";"3.445";"7,30";"547,2";"1.741"
"04012";"Bremerhaven, Stadt";"krsfr. Stadt";"13,0";"16,7";"8,5";"50,3";"16,9";"12,5";"1.555";"3.196";"9,34";"518,5";"1.207"
"05111";"Düsseldorf, Stadt";"krsfr. Stadt";"7,4";"12,5";"29,1";"51,7";"19,7";"7,9";"2.144";"3.882";"8,32";"538,2";"2.839"
"05112";"Duisburg, Stadt";"krsfr. Stadt";"12,5";"17,7";"10,1";"50,6";"20,2";"13,3";"1.423";"3.467";"9,26";"816,6";"2.140"
"05113";"Essen, Stadt";"krsfr. Stadt";"11,4";"14,0";"18,2";"51,5";"15,3";"11,4";"1.693";"3.451";"9,67";"707,1";"2.774"
"05114";"Krefeld, Stadt";"krsfr. Stadt";"10,4";"15,2";"13,7";"51,3";"15,5";"8,3";"1.800";"3.423";"9,22";"522,3";"1.645"
"05116";"Mönchengladbach, Stadt";"krsfr. Stadt";"10,2";"15,3";"11,6";"50,8";"15,3";"9,5";"1.725";"3.047";"8,18";"526,5";"1.538"
"05117";"Mülheim an der Ruhr, Stadt";"krsfr. Stadt";"8,0";"12,6";"16,9";"51,8";"15,1";"10,6";"1.926";"3.523";"5,28";"741,4";"1.876"
"05119";"Oberhausen, Stadt";"krsfr. Stadt";"10,8";"14,6";"9,3";"50,9";"14,6";"13,1";"1.548";"3.272";"6,97";"794,8";"2.743"
"05120";"Remscheid, Stadt";"krsfr. Stadt";"8,5";"17,3";"9,0";"50,7";"17,5";"10,6";"1.880";"3.323";"9,22";"582,0";"1.484"
"05122";"Solingen, Stadt";"krsfr. Stadt";"8,3";"18,0";"10,8";"51,4";"16,2";"9,7";"1.947";"3.085";"6,61";"561,1";"1.774"
"05124";"Wuppertal, Stadt";"krsfr. Stadt";"9,3";"17,4";"13,5";"51,1";"18,8";"10,8";"1.762";"3.379";"5,73";"583,5";"2.100"
"05154";"Kleve";"Landkreis";"6,2";"12,5";"8,8";"50,2";"14,4";"6,9";"1.737";"2.882";"5,78";"929,2";"252"
"05158";"Mettmann";"Landkreis";"6,2";"12,7";"14,8";"51,7";"11,9";"9,5";"2.122";"3.473";"4,65";"727,7";"1.192"
"05162";"Rhein-Kreis Neuss";"Landkreis";"5,7";"12,6";"15,2";"51,4";"11,4";"8,6";"2.104";"3.446";"4,58";"750,3";"780"
"05166";"Viersen";"Landkreis";"6,4";"12,3";"11,9";"51,1";"9,7";"7,5";"1.925";"2.969";"4,81";"823,0";"530"
"05170";"Wesel";"Landkreis";"6,9";"12,0";"10,6";"51,2";"9,0";"9,6";"1.838";"3.047";"5,44";"805,4";"442"
"05314";"Bonn, Stadt";"krsfr. Stadt";"6,7";"13,5";"33,4";"52,2";"16,2";"7,3";"1.940";"3.857";"12,78";"438,1";"2.307"
"05315";"Köln, Stadt";"krsfr. Stadt";"8,4";"14,5";"26,9";"51,2";"19,2";"7,2";"1.856";"3.696";"6,65";"565,1";"2.668"
"05316";"Leverkusen, Stadt";"krsfr. Stadt";"8,1";"14,2";"13,2";"51,3";"15,4";"10,3";"1.798";"4.170";"6,63";"538,1";"2.074"
"05334";"Städteregion Aachen";"Landkreis";"7,8";"15,4";"20,9";"49,6";"14,0";"7,4";"1.708";"3.365";"7,31";"585,7";"784"
"05358";"Düren";"Landkreis";"7,1";"15,0";"10,9";"50,4";"10,3";"9,6";"1.763";"3.236";"6,83";"764,2";"279"
"05362";"Rhein-Erft-Kreis";"Landkreis";"6,7";"13,1";"14,0";"51,1";"12,1";"9,6";"1.875";"3.188";"3,08";"768,4";"663"
"05366";"Euskirchen";"Landkreis";"5,4";"13,6";"9,3";"50,7";"7,5";"9,9";"1.815";"3.079";"5,55";"781,0";"154"
"05370";"Heinsberg";"Landkreis";"5,7";"15,2";"9,2";"50,5";"11,3";"8,7";"1.694";"2.926";"4,06";"829,9";"403"
"05374";"Oberbergischer Kreis";"Landkreis";"5,3";"15,3";"9,6";"50,8";"9,3";"10,6";"1.934";"3.320";"5,55";"819,7";"297"
"05378";"Rheinisch-Bergischer Kreis";"Landkreis";"6,0";"11,4";"17,5";"51,5";"9,2";"8,0";"2.193";"3.192";"4,16";"772,1";"648"
"05382";"Rhein-Sieg-Kreis";"Landkreis";"5,2";"13,1";"15,0";"51,0";"10,0";"9,4";"1.993";"3.082";"2,43";"797,7";"519"
"05512";"Bottrop, Stadt";"krsfr. Stadt";"7,7";"13,1";"10,4";"51,3";"10,7";"12,5";"1.694";"3.149";"6,00";"777,2";"1.167"
"05513";"Gelsenkirchen, Stadt";"krsfr. Stadt";"14,0";"16,4";"7,9";"50,2";"19,1";"17,0";"1.365";"3.242";"6,76";"743,7";"2.481"
"05515";"Münster, Stadt";"krsfr. Stadt";"5,4";"12,7";"30,1";"52,0";"10,3";"4,9";"1.968";"3.432";"11,99";"509,9";"1.034"
"05554";"Borken";"Landkreis";"3,7";"13,1";"8,1";"50,1";"8,9";"6,1";"1.885";"3.091";"5,08";"844,1";"260"
"05558";"Coesfeld";"Landkreis";"3,0";"10,8";"11,3";"50,6";"6,1";"6,2";"1.983";"3.000";"3,91";"794,8";"197"
"05562";"Recklinghausen";"Landkreis";"10,2";"12,3";"10,6";"51,2";"10,7";"12,3";"1.701";"3.127";"7,98";"783,8";"810"
"05566";"Steinfurt";"Landkreis";"4,5";"13,5";"9,9";"50,2";"8,8";"6,5";"1.859";"2.976";"4,71";"823,9";"249"
"05570";"Warendorf";"Landkreis";"5,5";"13,4";"9,7";"50,6";"9,8";"7,4";"1.953";"3.201";"4,84";"825,8";"210"
"05711";"Bielefeld, Stadt";"krsfr. Stadt";"8,3";"15,9";"18,1";"51,8";"14,1";"9,0";"1.890";"3.310";"11,92";"581,4";"1.285"
"05754";"Gütersloh";"Landkreis";"4,5";"15,4";"9,3";"50,0";"12,4";"8,7";"2.117";"3.177";"3,93";"933,3";"375"
"05758";"Herford";"Landkreis";"5,6";"14,9";"9,6";"50,9";"9,0";"10,9";"1.898";"3.055";"4,35";"849,8";"558"
"05762";"Höxter";"Landkreis";"4,6";"13,0";"9,2";"50,2";"5,4";"8,9";"1.839";"2.901";"7,51";"847,7";"118"
"05766";"Lippe";"Landkreis";"6,6";"13,5";"10,8";"50,9";"8,3";"10,8";"1.891";"3.185";"4,66";"849,3";"280"
"05770";"Minden-Lübbecke";"Landkreis";"5,1";"14,4";"9,6";"50,7";"7,6";"10,6";"1.954";"3.097";"7,56";"781,9";"270"
"05774";"Paderborn";"Landkreis";"5,6";"13,5";"14,5";"50,0";"8,9";"9,9";"1.814";"3.077";"5,79";"807,8";"245"
"05911";"Bochum, Stadt";"krsfr. Stadt";"9,7";"13,2";"19,3";"51,3";"12,3";"10,5";"1.677";"3.273";"9,66";"700,2";"2.509"
"05913";"Dortmund, Stadt";"krsfr. Stadt";"11,1";"14,9";"17,1";"50,9";"17,0";"10,3";"1.612";"3.315";"6,68";"759,8";"2.090"
"05914";"Hagen, Stadt";"krsfr. Stadt";"10,3";"18,1";"9,8";"51,3";"17,4";"12,8";"1.676";"3.267";"8,98";"733,3";"1.170"
"05915";"Hamm, Stadt";"krsfr. Stadt";"9,2";"15,2";"8,4";"50,9";"14,6";"11,1";"1.535";"3.022";"9,93";"756,1";"791"
"05916";"Herne, Stadt";"krsfr. Stadt";"12,1";"15,1";"9,1";"51,0";"16,3";"13,9";"1.492";"3.295";"10,30";"759,7";"3.043"
"05954";"Ennepe-Ruhr-Kreis";"Landkreis";"6,4";"13,0";"13,9";"51,5";"10,0";"9,8";"2.053";"3.267";"5,84";"774,9";"793"
"05958";"Hochsauerlandkreis";"Landkreis";"4,5";"14,3";"8,4";"50,1";"8,5";"8,0";"2.011";"3.186";"8,00";"841,1";"133"
"05962";"Märkischer Kreis";"Landkreis";"6,5";"17,9";"8,7";"50,8";"12,8";"11,3";"2.092";"3.314";"6,92";"812,1";"390"
"05966";"Olpe";"Landkreis";"4,0";"14,8";"8,5";"49,9";"9,1";"7,7";"2.339";"3.290";"6,25";"858,6";"189"
"05970";"Siegen-Wittgenstein";"Landkreis";"5,1";"13,5";"11,2";"50,3";"10,3";"10,7";"1.959";"3.418";"7,61";"796,5";"245"
"05974";"Soest";"Landkreis";"5,8";"13,3";"11,3";"50,3";"9,2";"9,3";"1.894";"3.174";"6,81";"793,9";"227"
"05978";"Unna";"Landkreis";"7,9";"13,9";"10,2";"51,3";"9,5";"10,3";"1.791";"2.948";"6,76";"791,0";"725"
"06411";"Darmstadt, Stadt";"krsfr. Stadt";"5,9";"14,8";"35,5";"49,1";"19,3";"8,4";"1.894";"4.185";"9,62";"468,2";"1.296"
"06412";"Frankfurt am Main, Stadt";"krsfr. Stadt";"5,9";"14,2";"31,7";"50,6";"29,0";"8,6";"1.832";"4.182";"8,00";"575,4";"3.008"
"06413";"Offenbach am Main, Stadt";"krsfr. Stadt";"9,7";"20,4";"15,2";"50,6";"35,0";"12,0";"1.490";"3.450";"9,12";"550,7";"2.822"
"06414";"Wiesbaden, Stadt";"krsfr. Stadt";"7,4";"14,3";"23,0";"52,2";"18,8";"11,2";"2.108";"3.758";"7,45";"501,2";"1.366"
"06431";"Bergstraße";"Landkreis";"3,8";"11,9";"15,0";"50,6";"12,9";"12,9";"1.991";"3.029";"3,56";"812,0";"374"
"06432";"Darmstadt-Dieburg";"Landkreis";"4,7";"12,5";"17,5";"50,3";"14,0";"11,1";"1.991";"3.131";"1,45";"948,9";"449"
"06433";"Groß-Gerau";"Landkreis";"5,4";"15,0";"13,4";"50,1";"21,5";"12,2";"1.750";"3.687";"3,92";"886,9";"599"
"06434";"Hochtaunuskreis";"Landkreis";"3,6";"10,0";"25,5";"51,5";"15,8";"10,2";"2.813";"4.024";"5,10";"690,0";"490"
"06435";"Main-Kinzig-Kreis";"Landkreis";"4,6";"13,3";"12,5";"50,7";"15,1";"14,7";"1.963";"3.134";"4,07";"858,7";"299"
"06436";"Main-Taunus-Kreis";"Landkreis";"3,7";"10,4";"24,0";"51,1";"15,9";"10,6";"2.245";"4.061";"2,91";"814,3";"1.066"
"06437";"Odenwaldkreis";"Landkreis";"5,0";"15,3";"9,6";"50,6";"13,2";"13,1";"1.823";"2.958";"4,54";"902,8";"155"
"06438";"Offenbach";"Landkreis";"4,5";"13,5";"16,3";"50,8";"18,6";"11,9";"1.975";"3.477";"2,00";"843,4";"987"
"06439";"Rheingau-Taunus-Kreis";"Landkreis";"4,6";"10,2";"17,3";"50,8";"11,8";"11,6";"2.075";"3.172";"4,11";"859,9";"230"
"06440";"Wetteraukreis";"Landkreis";"4,3";"11,8";"16,0";"50,5";"12,3";"12,3";"1.967";"3.156";"4,43";"829,7";"277"
"06531";"Gießen";"Landkreis";"5,8";"13,8";"18,7";"50,8";"11,6";"12,1";"1.737";"3.237";"8,79";"651,4";"312"
"06532";"Lahn-Dill-Kreis";"Landkreis";"5,4";"13,8";"10,6";"50,7";"10,5";"13,9";"1.932";"3.300";"7,04";"716,0";"238"
"06533";"Limburg-Weilburg";"Landkreis";"4,5";"12,3";"11,4";"50,3";"11,2";"12,7";"1.823";"2.982";"5,80";"764,3";"233"
"06534";"Marburg-Biedenkopf";"Landkreis";"3,8";"14,1";"15,7";"50,8";"11,1";"11,5";"1.736";"3.331";"6,21";"689,5";"195"
"06535";"Vogelsbergkreis";"Landkreis";"4,1";"12,6";"8,2";"49,9";"6,9";"14,1";"1.888";"2.954";"6,34";"818,9";"73"
"06611";"Kassel, Stadt";"krsfr. Stadt";"8,2";"14,1";"21,6";"51,0";"17,5";"9,9";"1.588";"3.397";"13,23";"453,1";"1.880"
"06631";"Fulda";"Landkreis";"2,9";"11,7";"12,3";"50,3";"8,5";"16,2";"1.881";"2.947";"6,64";"713,1";"161"
"06632";"Hersfeld-Rotenburg";"Landkreis";"4,4";"11,9";"8,6";"50,0";"9,0";"14,7";"1.765";"2.848";"8,25";"766,5";"110"
"06633";"Kassel";"Landkreis";"4,2";"10,1";"9,9";"50,9";"6,9";"11,3";"1.854";"3.474";"4,02";"845,3";"183"
"06634";"Schwalm-Eder-Kreis";"Landkreis";"4,3";"12,0";"8,3";"49,9";"7,0";"12,9";"1.797";"3.013";"3,55";"856,7";"117"
"06635";"Waldeck-Frankenberg";"Landkreis";"3,9";"13,1";"8,0";"50,1";"8,1";"12,4";"1.811";"3.071";"10,75";"748,8";"85"
"06636";"Werra-Meißner-Kreis";"Landkreis";"5,6";"11,3";"8,6";"50,6";"7,0";"11,2";"1.689";"2.821";"5,82";"856,8";"99"
"07111";"Koblenz, Stadt";"krsfr. Stadt";"6,1";"14,7";"18,7";"51,4";"12,7";"8,4";"1.778";"3.354";"17,66";"396,7";"1.082"
"07131";"Ahrweiler";"Landkreis";"3,8";"11,7";"11,0";"50,9";"9,1";"8,8";"1.967";"2.928";"5,89";"689,4";"164"
"07132";"Altenkirchen (Westerwald)";"Landkreis";"4,7";"14,2";"7,2";"50,5";"7,2";"10,9";"1.792";"3.059";"2,99";"852,9";"200"
"07133";"Bad Kreuznach";"Landkreis";"6,2";"14,5";"9,9";"51,2";"9,8";"11,6";"1.850";"3.141";"6,09";"764,8";"182"
"07134";"Birkenfeld";"Landkreis";"6,0";"15,0";"6,8";"50,4";"7,7";"12,0";"1.803";"2.858";"8,30";"791,5";"104"
"07135";"Cochem-Zell";"Landkreis";"3,6";"12,2";"6,4";"49,9";"7,0";"8,5";"1.897";"2.876";"7,19";"844,7";"89"
"07137";"Mayen-Koblenz";"Landkreis";"3,5";"12,0";"9,2";"50,6";"7,6";"10,1";"1.844";"2.978";"3,53";"912,6";"261"
"07138";"Neuwied";"Landkreis";"5,3";"12,6";"8,9";"50,8";"9,1";"10,6";"1.917";"3.114";"8,88";"773,0";"290"
"07140";"Rhein-Hunsrück-Kreis";"Landkreis";"3,7";"12,1";"8,1";"50,2";"7,4";"9,8";"1.999";"3.032";"4,33";"850,7";"104"
"07141";"Rhein-Lahn-Kreis";"Landkreis";"3,5";"12,9";"8,7";"50,5";"8,3";"10,9";"1.868";"3.018";"8,15";"832,5";"156"
"07143";"Westerwaldkreis";"Landkreis";"3,3";"12,4";"8,6";"50,3";"8,5";"10,8";"2.070";"2.958";"2,66";"885,6";"203"
"07211";"Trier, Stadt";"krsfr. Stadt";"5,1";"15,8";"18,6";"50,8";"13,1";"7,8";"1.716";"3.153";"13,88";"436,6";"940"
"07231";"Bernkastel-Wittlich";"Landkreis";"3,5";"12,1";"6,9";"50,1";"9,4";"8,4";"1.833";"2.894";"4,43";"773,3";"96"
"07232";"Eifelkreis Bitburg-Prüm";"Landkreis";"3,0";"14,0";"6,2";"49,8";"12,1";"7,4";"1.857";"3.119";"6,12";"962,9";"60"
"07233";"Vulkaneifel";"Landkreis";"4,3";"12,9";"6,5";"49,8";"7,1";"8,2";"1.806";"2.948";"3,82";"843,1";"67"
"07235";"Trier-Saarburg";"Landkreis";"3,0";"11,8";"8,7";"50,5";"10,1";"8,1";"1.911";"2.899";"2,50";"996,9";"135"
"07311";"Frankenthal (Pfalz), Stadt";"krsfr. Stadt";"7,0";"15,4";"10,3";"51,7";"16,3";"16,5";"1.858";"3.487";"6,50";"550,2";"1.103"
"07312";"Kaiserslautern, Stadt";"krsfr. Stadt";"9,4";"15,0";"17,2";"49,5";"15,5";"13,7";"1.589";"3.407";"11,56";"481,6";"714"
"07313";"Landau in der Pfalz, Stadt";"krsfr. Stadt";"5,3";"14,8";"18,3";"52,7";"9,9";"10,0";"1.789";"3.051";"18,35";"440,9";"558"
"07314";"Ludwigshafen am Rhein, Stadt";"krsfr. Stadt";"8,3";"17,3";"11,9";"50,2";"25,0";"16,3";"1.623";"4.534";"12,22";"529,9";"2.176"
"07315";"Mainz, Stadt";"krsfr. Stadt";"6,1";"14,0";"31,8";"51,4";"17,9";"7,3";"1.818";"3.554";"10,68";"503,8";"2.201"
"07316";"Neustadt an der Weinstraße, Stadt";"krsfr. Stadt";"5,6";"12,3";"15,2";"51,3";"10,6";"12,0";"2.213";"2.933";"6,84";"480,7";"456"
"07317";"Pirmasens, Stadt";"krsfr. Stadt";"12,3";"19,3";"7,1";"51,0";"11,2";"16,1";"1.634";"3.031";"10,64";"472,5";"662"
"07318";"Speyer, Stadt";"krsfr. Stadt";"5,7";"13,4";"16,2";"51,4";"14,9";"13,5";"1.998";"3.346";"12,88";"485,1";"1.192"
"07319";"Worms, Stadt";"krsfr. Stadt";"7,3";"18,3";"11,6";"50,8";"16,5";"15,0";"1.711";"3.102";"8,43";"606,4";"764"
"07320";"Zweibrücken, Stadt";"krsfr. Stadt";"6,9";"14,3";"10,0";"50,6";"9,7";"14,5";"1.682";"3.348";"6,36";"580,8";"485"
"07331";"Alzey-Worms";"Landkreis";"4,0";"11,9";"10,7";"50,1";"9,1";"13,8";"1.906";"2.848";"4,83";"892,5";"219"
"07332";"Bad Dürkheim";"Landkreis";"3,9";"11,4";"14,3";"51,1";"8,3";"12,4";"2.185";"2.947";"3,93";"955,0";"223"
"07333";"Donnersbergkreis";"Landkreis";"5,0";"13,9";"8,7";"50,4";"7,4";"13,7";"1.807";"3.393";"2,70";"938,8";"116"
"07334";"Germersheim";"Landkreis";"4,1";"14,3";"9,8";"50,1";"11,9";"16,3";"1.892";"3.836";"2,50";"944,7";"277"
"07335";"Kaiserslautern";"Landkreis";"5,2";"11,1";"9,1";"50,8";"8,0";"14,0";"1.769";"2.892";"5,03";"794,4";"165"
"07336";"Kusel";"Landkreis";"4,5";"11,8";"6,6";"50,3";"6,0";"14,0";"1.730";"2.895";"0,00";"931,1";"123"
"07337";"Südliche Weinstraße";"Landkreis";"4,1";"12,0";"10,3";"50,7";"7,2";"12,2";"2.007";"2.986";"6,35";"1.014,9";"173"
"07338";"Rhein-Pfalz-Kreis";"Landkreis";"3,5";"10,6";"13,9";"50,7";"9,9";"13,8";"2.161";"2.851";"0,00";"1.121,4";"504"
"07339";"Mainz-Bingen";"Landkreis";"3,6";"10,5";"17,3";"50,7";"9,6";"9,8";"2.208";"3.333";"1,64";"777,0";"347"
"07340";"Südwestpfalz";"Landkreis";"4,5";"12,0";"7,6";"50,6";"4,0";"12,9";"1.927";"2.642";"2,38";"1.363,9";"100"
"08111";"Stuttgart, Stadt";"krsfr. Stadt";"4,7";"14,6";"33,6";"50,0";"24,6";"8,8";"2.122";"4.351";"7,91";"575,2";"3.052"
"08115";"Böblingen";"Landkreis";"3,1";"13,3";"20,3";"50,3";"18,0";"11,7";"2.097";"4.596";"2,85";"861,8";"631"
"08116";"Esslingen";"Landkreis";"3,4";"13,3";"18,9";"50,1";"16,9";"11,7";"2.113";"3.740";"3,56";"814,1";"830"
"08117";"Göppingen";"Landkreis";"3,7";"14,7";"12,1";"50,2";"15,9";"14,7";"2.007";"3.428";"4,87";"848,8";"399"
"08118";"Ludwigsburg";"Landkreis";"3,3";"13,3";"19,3";"50,4";"17,5";"11,9";"2.147";"3.676";"3,20";"819,7";"790"
"08119";"Rems-Murr-Kreis";"Landkreis";"3,4";"13,8";"15,4";"50,5";"15,6";"13,7";"2.095";"3.425";"3,15";"853,2";"495"
"08121";"Heilbronn, Stadt";"krsfr. Stadt";"5,2";"17,6";"15,3";"49,6";"24,6";"16,4";"2.648";"3.372";"8,70";"517,0";"1.253"
"08125";"Heilbronn";"Landkreis";"3,2";"13,1";"12,4";"49,8";"13,9";"15,7";"2.037";"3.771";"3,59";"923,5";"310"
"08126";"Hohenlohekreis";"Landkreis";"2,6";"14,9";"9,7";"49,5";"10,4";"14,8";"2.013";"3.559";"2,56";"960,3";"143"
"08127";"Schwäbisch Hall";"Landkreis";"3,1";"14,6";"10,2";"49,8";"10,6";"14,5";"1.964";"3.283";"3,81";"870,9";"131"
"08128";"Main-Tauber-Kreis";"Landkreis";"2,9";"13,0";"9,6";"50,2";"8,7";"13,6";"1.922";"3.189";"8,21";"681,4";"101"
"08135";"Heidenheim";"Landkreis";"4,7";"14,7";"12,3";"50,2";"14,6";"13,3";"1.870";"3.580";"4,08";"776,5";"210"
"08136";"Ostalbkreis";"Landkreis";"3,1";"12,9";"13,2";"50,2";"10,5";"12,3";"2.030";"3.672";"3,39";"826,5";"207"
"08211";"Baden-Baden, Stadt";"krsfr. Stadt";"5,1";"13,0";"17,1";"52,0";"18,8";"10,7";"2.575";"3.303";"13,90";"420,9";"390"
"08212";"Karlsruhe, Stadt";"krsfr. Stadt";"4,5";"14,2";"30,0";"48,8";"18,5";"10,4";"1.885";"3.682";"8,87";"548,2";"1.799"
"08215";"Karlsruhe";"Landkreis";"3,1";"12,6";"14,7";"50,2";"12,8";"13,6";"1.989";"3.341";"2,03";"859,6";"408"
"08216";"Rastatt";"Landkreis";"3,0";"13,9";"10,6";"50,4";"13,3";"13,2";"1.931";"3.764";"2,59";"909,9";"312"
"08221";"Heidelberg, Stadt";"krsfr. Stadt";"4,4";"12,6";"42,9";"51,9";"20,6";"7,8";"1.955";"3.718";"18,85";"378,8";"1.475"
"08222";"Mannheim, Stadt";"krsfr. Stadt";"5,4";"15,5";"22,7";"50,1";"23,3";"12,8";"1.736";"3.829";"7,82";"527,4";"2.125"
"08225";"Neckar-Odenwald-Kreis";"Landkreis";"3,6";"15,0";"8,8";"49,8";"9,5";"14,1";"1.859";"3.148";"3,50";"890,5";"127"
"08226";"Rhein-Neckar-Kreis";"Landkreis";"4,0";"12,1";"18,5";"50,8";"12,3";"12,8";"2.096";"3.517";"2,76";"755,2";"515"
"08231";"Pforzheim, Stadt";"Landkreis";"6,3";"19,3";"11,8";"50,9";"25,3";"19,3";"1.901";"3.249";"9,59";"511,5";"1.267"
"08235";"Calw";"Landkreis";"3,3";"13,6";"10,4";"49,8";"14,6";"15,2";"1.971";"3.187";"7,94";"889,4";"197"
"08236";"Enzkreis";"Landkreis";"2,6";"12,8";"12,4";"50,4";"12,8";"14,9";"2.119";"3.275";"1,63";"935,7";"346"
"08237";"Freudenstadt";"Landkreis";"3,1";"13,7";"9,4";"50,1";"11,3";"14,7";"2.044";"3.396";"4,10";"870,0";"135"
"08311";"Freiburg im Breisgau, Stadt";"krsfr. Stadt";"5,3";"13,9";"33,1";"52,3";"17,1";"7,2";"1.827";"3.471";"9,83";"368,0";"1.500"
"08315";"Breisgau-Hochschwarzwald";"Landkreis";"3,0";"13,0";"14,2";"50,7";"11,6";"9,3";"2.057";"3.086";"5,11";"754,0";"190"
"08316";"Emmendingen";"Landkreis";"2,7";"12,9";"11,7";"50,6";"10,0";"10,0";"1.932";"3.203";"6,17";"738,6";"242"
"08317";"Ortenaukreis";"Landkreis";"3,2";"14,1";"9,7";"50,2";"11,0";"12,0";"1.950";"3.189";"5,38";"778,7";"229"
"08325";"Rottweil";"Landkreis";"2,6";"15,2";"10,0";"50,0";"11,0";"13,8";"2.096";"3.382";"6,00";"831,5";"180"
"08326";"Schwarzwald-Baar-Kreis";"Landkreis";"3,1";"15,7";"10,8";"50,3";"14,7";"12,8";"2.051";"3.271";"6,15";"738,5";"206"
"08327";"Tuttlingen";"Landkreis";"2,7";"18,7";"9,1";"49,8";"15,7";"14,1";"2.109";"3.493";"2,61";"905,2";"190"
"08335";"Konstanz";"Landkreis";"3,4";"15,1";"15,8";"51,2";"14,6";"10,3";"2.065";"3.267";"5,85";"659,0";"347"
"08336";"Lörrach";"Landkreis";"3,2";"16,8";"10,0";"51,0";"14,6";"10,9";"2.235";"3.382";"3,63";"830,2";"283"
"08337";"Waldshut";"Landkreis";"3,2";"17,5";"8,1";"50,4";"15,0";"10,5";"2.100";"3.117";"4,18";"900,5";"150"
"08415";"Reutlingen";"Landkreis";"3,5";"14,1";"15,2";"50,4";"15,3";"12,9";"2.044";"3.496";"4,32";"752,0";"262"
"08416";"Tübingen";"Landkreis";"2,9";"12,8";"26,5";"51,3";"13,3";"8,8";"1.951";"3.484";"8,53";"639,5";"435"
"08417";"Zollernalbkreis";"Landkreis";"3,4";"15,9";"9,4";"50,4";"12,1";"14,6";"2.123";"3.261";"2,92";"871,2";"205"
"08421";"Ulm, Stadt";"krsfr. Stadt";"3,8";"14,7";"26,6";"50,4";"19,3";"10,2";"2.169";"3.650";"12,28";"417,3";"1.058"
"08425";"Alb-Donau-Kreis";"Landkreis";"2,7";"12,8";"12,3";"49,4";"12,6";"12,5";"1.973";"3.239";"2,16";"828,2";"143"
"08426";"Biberach";"Landkreis";"2,4";"12,8";"12,3";"49,6";"10,0";"12,6";"2.017";"3.716";"4,07";"850,9";"141"
"08435";"Bodenseekreis";"Landkreis";"2,8";"12,2";"19,0";"50,7";"12,9";"10,3";"2.204";"3.896";"3,48";"654,4";"323"
"08436";"Ravensburg";"Landkreis";"2,8";"13,1";"14,5";"50,2";"10,7";"10,4";"1.968";"3.250";"6,13";"682,6";"174"
"08437";"Sigmaringen";"Landkreis";"3,2";"15,2";"8,9";"49,9";"10,3";"12,9";"1.902";"3.288";"5,03";"873,8";"108"
"09161";"Ingolstadt, Stadt";"krsfr. Stadt";"3,1";"12,6";"23,5";"49,5";"17,6";"15,3";"1.994";"4.635";"9,61";"528,3";"1.014"
"09162";"München, Stadt";"krsfr. Stadt";"4,2";"11,8";"35,7";"51,3";"25,5";"8,4";"2.419";"4.169";"7,67";"458,6";"4.686"
"09163";"Rosenheim, Stadt";"krsfr. Stadt";"4,6";"13,2";"17,5";"50,7";"20,5";"14,7";"1.946";"3.291";"9,92";"335,5";"1.695"
"09171";"Altötting";"Landkreis";"3,3";"10,8";"9,7";"50,6";"10,8";"13,6";"1.943";"3.524";"5,32";"750,6";"194"
"09172";"Berchtesgadener Land";"Landkreis";"3,9";"11,5";"9,1";"50,9";"15,7";"13,1";"1.893";"2.923";"6,18";"677,8";"125"
"09173";"Bad Tölz-Wolfratshausen";"Landkreis";"2,5";"10,4";"15,5";"50,7";"12,2";"11,9";"2.241";"3.104";"5,02";"666,2";"114"
"09174";"Dachau";"Landkreis";"2,2";"10,0";"15,8";"49,9";"15,4";"12,3";"2.101";"3.085";"3,26";"816,6";"264"
"09175";"Ebersberg";"Landkreis";"2,0";"10,1";"21,4";"50,1";"12,9";"10,3";"2.288";"3.103";"2,36";"828,2";"256"
"09176";"Eichstätt";"Landkreis";"1,5";"10,4";"14,5";"49,2";"8,9";"14,7";"2.038";"3.219";"3,48";"968,0";"108"
"09177";"Erding";"Landkreis";"1,8";"10,5";"12,8";"49,5";"11,1";"13,5";"2.069";"2.936";"3,05";"845,0";"157"
"09178";"Freising";"Landkreis";"2,1";"11,9";"18,3";"49,0";"16,8";"12,3";"1.986";"3.440";"2,01";"876,8";"223"
"09179";"Fürstenfeldbruck";"Landkreis";"2,6";"10,3";"20,2";"51,0";"14,3";"10,9";"2.202";"3.164";"1,75";"731,0";"501"
"09180";"Garmisch-Partenkirchen";"Landkreis";"3,4";"10,6";"12,0";"51,5";"12,7";"12,6";"2.173";"2.843";"15,42";"620,8";"87"
"09181";"Landsberg am Lech";"Landkreis";"2,7";"10,0";"16,9";"49,9";"8,3";"10,9";"2.163";"3.308";"3,98";"805,0";"148"
"09182";"Miesbach";"Landkreis";"2,6";"9,5";"16,9";"51,0";"12,1";"11,4";"2.483";"3.099";"4,63";"580,1";"115"
"09183";"Mühldorf a.Inn";"Landkreis";"3,6";"11,9";"9,1";"49,4";"11,5";"15,5";"1.982";"3.074";"3,02";"720,0";"142"
"09184";"München";"Landkreis";"2,6";"9,7";"28,0";"50,3";"17,1";"9,4";"2.600";"4.227";"3,93";"803,8";"522"
"09185";"Neuburg-Schrobenhausen";"Landkreis";"2,1";"12,3";"9,4";"49,6";"10,0";"15,1";"1.981";"3.209";"4,68";"843,5";"130"
"09186";"Pfaffenhofen a.d.Ilm";"Landkreis";"1,8";"10,9";"12,6";"49,1";"10,8";"15,2";"2.187";"3.282";"2,61";"901,7";"166"
"09187";"Rosenheim";"Landkreis";"2,5";"9,7";"13,9";"50,5";"10,0";"13,7";"2.159";"3.023";"10,93";"767,6";"180"
"09188";"Starnberg";"Landkreis";"2,8";"9,3";"27,3";"51,5";"13,9";"8,8";"3.242";"3.656";"9,45";"562,4";"278"
"09189";"Traunstein";"Landkreis";"2,9";"11,3";"10,9";"50,5";"9,7";"11,4";"2.067";"3.249";"4,88";"612,1";"115"
"09190";"Weilheim-Schongau";"Landkreis";"2,6";"11,4";"12,4";"50,3";"9,2";"11,7";"2.108";"3.509";"3,21";"633,3";"139"
"09261";"Landshut, Stadt";"krsfr. Stadt";"4,2";"13,0";"18,1";"51,4";"17,5";"13,0";"2.070";"3.140";"18,06";"380,7";"1.081"
"09262";"Passau, Stadt";"krsfr. Stadt";"4,6";"13,1";"19,5";"52,0";"14,1";"12,7";"1.783";"3.265";"14,27";"347,5";"744"
"09263";"Straubing, Stadt";"krsfr. Stadt";"4,6";"15,5";"10,1";"49,7";"15,4";"17,2";"1.855";"3.007";"9,55";"374,7";"704"
"09271";"Deggendorf";"Landkreis";"2,8";"12,5";"9,0";"50,1";"8,4";"18,4";"1.878";"3.056";"11,08";"678,5";"138"
"09272";"Freyung-Grafenau";"Landkreis";"3,0";"11,4";"5,9";"50,1";"4,5";"20,1";"1.769";"2.773";"5,18";"860,9";"80"
"09273";"Kelheim";"Landkreis";"2,6";"12,2";"9,0";"49,2";"11,7";"14,9";"1.952";"3.094";"3,18";"877,7";"114"
"09274";"Landshut";"Landkreis";"2,5";"10,9";"9,6";"49,2";"9,3";"15,1";"2.004";"3.096";"1,19";"1.278,4";"117"
"09275";"Passau";"Landkreis";"3,3";"11,9";"6,9";"50,3";"7,3";"17,2";"1.852";"2.749";"3,59";"828,3";"125"
"09276";"Regen";"Landkreis";"3,6";"11,9";"6,3";"50,1";"5,9";"20,7";"1.778";"2.888";"4,07";"752,3";"79"
"09277";"Rottal-Inn";"Landkreis";"3,0";"11,7";"6,5";"50,0";"9,5";"15,3";"1.946";"2.796";"5,33";"807,9";"94"
"09278";"Straubing-Bogen";"Landkreis";"2,4";"11,7";"7,8";"49,6";"6,9";"17,1";"1.963";"2.834";"3,92";"1.134,5";"83"
"09279";"Dingolfing-Landau";"Landkreis";"2,6";"14,7";"6,3";"48,4";"11,5";"18,3";"2.048";"3.911";"1,32";"798,6";"109"
"09361";"Amberg, Stadt";"krsfr. Stadt";"5,3";"14,5";"11,0";"50,7";"10,5";"14,9";"1.918";"3.416";"13,22";"361,1";"843"
"09362";"Regensburg, Stadt";"krsfr. Stadt";"3,3";"12,6";"28,9";"51,5";"15,8";"10,8";"1.898";"3.676";"18,78";"401,3";"1.866"
"09363";"Weiden i.d.OPf., Stadt";"krsfr. Stadt";"6,1";"13,9";"11,1";"51,8";"10,8";"14,6";"1.830";"2.823";"16,57";"332,4";"603"
"09371";"Amberg-Sulzbach";"Landkreis";"2,7";"11,0";"7,6";"50,0";"5,4";"13,0";"1.905";"3.107";"1,97";"1.071,2";"82"
"09372";"Cham";"Landkreis";"2,7";"12,0";"6,4";"49,8";"5,4";"18,0";"1.861";"2.821";"5,45";"811,1";"84"
"09373";"Neumarkt i.d.OPf.";"Landkreis";"1,9";"11,4";"9,0";"49,5";"8,2";"12,0";"2.001";"3.182";"3,81";"839,5";"99"
"09374";"Neustadt a.d.Waldnaab";"Landkreis";"3,3";"11,2";"6,7";"50,3";"4,5";"13,9";"1.902";"2.942";"1,97";"1.049,8";"66"
"09375";"Regensburg";"Landkreis";"1,9";"10,6";"12,6";"49,9";"8,1";"14,4";"1.983";"3.111";"1,26";"877,6";"138"
"09376";"Schwandorf";"Landkreis";"2,8";"12,1";"6,9";"49,7";"7,5";"16,8";"1.841";"2.965";"3,67";"775,1";"100"
"09377";"Tirschenreuth";"Landkreis";"3,5";"11,2";"6,5";"50,2";"4,1";"12,3";"1.865";"2.887";"3,98";"897,9";"67"
"09461";"Bamberg, Stadt";"krsfr. Stadt";"4,5";"13,6";"24,8";"51,8";"14,2";"11,4";"1.806";"3.367";"13,37";"365,8";"1.413"
"09462";"Bayreuth, Stadt";"krsfr. Stadt";"5,0";"12,5";"20,4";"51,3";"11,1";"9,6";"1.775";"3.137";"18,61";"366,3";"1.106"
"09463";"Coburg, Stadt";"krsfr. Stadt";"5,0";"11,6";"18,3";"51,3";"10,6";"10,7";"2.118";"3.551";"12,42";"416,5";"854"
"09464";"Hof, Stadt";"krsfr. Stadt";"7,1";"12,7";"12,2";"52,0";"16,4";"13,9";"1.700";"2.668";"10,07";"425,5";"792"
"09471";"Bamberg";"Landkreis";"2,3";"11,6";"8,9";"49,9";"4,7";"15,5";"1.882";"2.888";"2,12";"1.191,7";"126"
"09472";"Bayreuth";"Landkreis";"3,1";"9,5";"7,9";"50,5";"3,6";"10,9";"1.883";"2.849";"1,13";"1.179,6";"82"
"09473";"Coburg";"Landkreis";"3,1";"10,4";"8,3";"50,6";"5,3";"12,0";"2.235";"2.655";"1,07";"1.259,2";"147"
"09474";"Forchheim";"Landkreis";"2,7";"10,7";"13,6";"50,4";"6,5";"11,8";"2.021";"3.088";"2,69";"786,9";"180"
"09475";"Hof";"Landkreis";"3,1";"9,5";"7,9";"51,2";"5,5";"12,4";"1.862";"2.698";"6,17";"920,9";"107"
"09476";"Kronach";"Landkreis";"3,1";"13,2";"7,0";"50,6";"4,7";"11,8";"1.953";"2.745";"4,17";"833,0";"104"
"09477";"Kulmbach";"Landkreis";"3,8";"9,4";"8,3";"50,8";"4,5";"11,4";"1.990";"2.956";"7,29";"673,0";"109"
"09478";"Lichtenfels";"Landkreis";"3,5";"13,7";"7,1";"50,6";"5,3";"13,2";"1.859";"2.724";"11,15";"834,7";"128"
"09479";"Wunsiedel i.Fichtelgebirge";"Landkreis";"4,5";"13,9";"7,5";"51,3";"8,1";"13,8";"1.882";"2.887";"5,57";"749,8";"121"
"09561";"Ansbach, Stadt";"krsfr. Stadt";"4,2";"15,6";"12,2";"52,2";"12,9";"13,2";"1.811";"3.171";"29,59";"362,2";"417"
"09562";"Erlangen, Stadt";"krsfr. Stadt";"3,9";"12,6";"34,2";"50,3";"17,2";"8,0";"2.062";"4.633";"19,81";"470,3";"1.442"
"09563";"Fürth, Stadt";"krsfr. Stadt";"5,3";"14,5";"17,5";"51,0";"18,7";"11,9";"2.026";"3.221";"6,87";"559,8";"1.997"
"09564";"Nürnberg, Stadt";"krsfr. Stadt";"6,0";"14,8";"20,2";"51,3";"21,9";"12,0";"1.882";"3.470";"6,90";"523,6";"2.763"
"09565";"Schwabach, Stadt";"krsfr. Stadt";"3,4";"12,4";"13,9";"51,2";"12,1";"11,9";"2.195";"3.011";"4,18";"574,4";"1.000"
"09571";"Ansbach";"Landkreis";"2,7";"12,5";"8,0";"49,7";"8,1";"11,7";"1.954";"2.865";"0,82";"1.059,3";"93"
"09572";"Erlangen-Höchstadt";"Landkreis";"2,0";"10,7";"19,5";"50,3";"8,2";"10,5";"2.179";"3.953";"0,85";"815,3";"240"
"09573";"Fürth";"Landkreis";"2,7";"10,1";"13,8";"51,5";"6,5";"12,1";"2.158";"2.862";;"795,8";"378"
"09574";"Nürnberger Land";"Landkreis";"2,5";"10,8";"13,8";"50,7";"8,6";"11,4";"2.141";"3.143";"5,75";"782,3";"212"
"09575";"Neustadt a.d.Aisch-Bad Windsheim";"Landkreis";"2,2";"11,9";"8,1";"49,9";"7,5";"10,9";"1.952";"2.765";"4,81";"790,8";"79"
"09576";"Roth";"Landkreis";"2,4";"10,5";"10,3";"50,3";"6,9";"11,7";"2.049";"2.975";"2,15";"934,1";"141"
"09577";"Weißenburg-Gunzenhausen";"Landkreis";"3,1";"13,0";"7,9";"50,2";"8,8";"11,3";"1.922";"3.029";"4,47";"772,2";"97"
"09661";"Aschaffenburg, Stadt";"krsfr. Stadt";"5,1";"13,8";"17,1";"51,5";"15,9";"12,0";"2.066";"3.327";"13,51";"360,5";"1.120"
"09662";"Schweinfurt, Stadt";"krsfr. Stadt";"6,3";"16,1";"12,0";"51,1";"17,7";"15,6";"1.737";"3.962";"17,45";"353,9";"1.497"
"09663";"Würzburg, Stadt";"krsfr. Stadt";"3,8";"12,0";"27,9";"52,3";"11,2";"8,0";"2.032";"3.317";"18,37";"328,1";"1.446"
"09671";"Aschaffenburg";"Landkreis";"2,9";"10,5";"11,9";"50,3";"9,1";"11,5";"2.047";"3.070";"0,24";"1.137,1";"249"
"09672";"Bad Kissingen";"Landkreis";"3,3";"11,0";"8,3";"50,8";"5,3";"11,4";"1.926";"2.887";"8,36";"753,8";"91"
"09673";"Rhön-Grabfeld";"Landkreis";"2,6";"11,1";"8,9";"50,2";"4,6";"10,4";"1.928";"3.117";"13,84";"700,0";"78"
"09674";"Haßberge";"Landkreis";"2,7";"12,1";"6,9";"49,8";"4,5";"12,9";"1.847";"3.128";"2,84";"828,1";"88"
"09675";"Kitzingen";"Landkreis";"2,5";"11,7";"9,1";"49,7";"8,6";"10,9";"1.967";"3.064";"2,73";"786,3";"132"
"09676";"Miltenberg";"Landkreis";"2,9";"13,6";"8,6";"50,2";"10,8";"11,3";"1.945";"3.108";"2,27";"868,1";"180"
"09677";"Main-Spessart";"Landkreis";"2,0";"11,5";"9,0";"50,1";"6,6";"10,4";"1.955";"3.400";"5,24";"800,8";"96"
"09678";"Schweinfurt";"Landkreis";"2,5";"10,6";"9,1";"49,9";"5,5";"12,0";"1.912";"2.709";"5,21";"1.251,1";"137"
"09679";"Würzburg";"Landkreis";"2,1";"9,2";"13,4";"50,3";"6,0";"9,1";"2.049";"2.980";"0,87";"831,6";"167"
"09761";"Augsburg, Stadt";"krsfr. Stadt";"5,4";"14,6";"19,7";"50,9";"21,0";"13,6";"1.658";"3.550";"10,10";"508,4";"1.994"
"09762";"Kaufbeuren, Stadt";"krsfr. Stadt";"4,6";"14,4";"10,1";"50,8";"14,7";"14,0";"1.896";"3.064";"14,47";"381,4";"1.086"
"09763";"Kempten (Allgäu), Stadt";"krsfr. Stadt";"3,7";"14,9";"13,6";"50,6";"15,9";"13,4";"1.830";"3.161";"8,89";"411,6";"1.080"
"09764";"Memmingen, Stadt";"krsfr. Stadt";"3,5";"16,4";"10,2";"50,6";"17,8";"15,3";"2.388";"3.259";"12,57";"410,1";"620"
"09771";"Aichach-Friedberg";"Landkreis";"2,2";"9,2";"12,3";"50,1";"8,0";"14,3";"2.117";"2.973";"2,13";"855,5";"170"
"09772";"Augsburg";"Landkreis";"2,5";"10,5";"12,0";"50,4";"9,2";"13,8";"2.092";"2.922";"1,20";"841,2";"233"
"09773";"Dillingen a.d.Donau";"Landkreis";"2,1";"14,0";"7,2";"49,9";"8,9";"16,6";"2.048";"3.140";"3,35";"873,0";"120"
"09774";"Günzburg";"Landkreis";"2,2";"13,7";"8,4";"49,5";"12,4";"16,0";"2.000";"3.116";"8,47";"813,8";"163"
"09775";"Neu-Ulm";"Landkreis";"2,3";"13,7";"13,1";"50,4";"14,1";"14,2";"2.016";"3.392";"2,40";"747,0";"334"
"09776";"Lindau (Bodensee)";"Landkreis";"2,4";"12,1";"14,2";"50,8";"12,9";"9,0";"2.219";"3.334";"7,49";"665,1";"251"
"09777";"Ostallgäu";"Landkreis";"2,4";"10,4";"9,8";"50,2";"8,4";"11,5";"2.032";"3.231";"3,70";"910,3";"100"
"09778";"Unterallgäu";"Landkreis";"1,9";"11,3";"8,6";"49,7";"8,8";"15,3";"2.218";"3.297";"3,04";"1.063,8";"116"
"09779";"Donau-Ries";"Landkreis";"1,9";"12,0";"8,7";"49,2";"9,2";"13,2";"2.100";"3.368";"4,00";"847,4";"104"
"09780";"Oberallgäu";"Landkreis";"2,6";"9,9";"10,9";"50,7";"8,4";"10,3";"2.047";"2.978";"2,89";"854,0";"101"
"10041";"Regionalverband Saarbrücken";"Landkreis";"9,3";"14,0";"16,1";"50,9";"13,9";"10,0";"1.633";"3.431";"7,87";"547,5";"803"
"10042";"Merzig-Wadern";"Landkreis";"4,7";"13,3";"8,9";"50,6";"11,1";"9,3";"1.601";"3.028";"4,63";"803,5";"186"
"10043";"Neunkirchen";"Landkreis";"7,6";"13,2";"9,3";"50,9";"9,2";"10,9";"1.682";"3.190";"5,22";"712,8";"534"
"10044";"Saarlouis";"Landkreis";"5,2";"13,8";"9,8";"51,0";"9,8";"10,1";"1.756";"3.268";"5,09";"652,7";"426"
"10045";"Saarpfalz-Kreis";"Landkreis";"5,3";"12,6";"14,0";"51,3";"8,8";"11,3";"1.898";"3.494";"10,18";"637,3";"343"
"10046";"St. Wendel";"Landkreis";"3,5";"11,2";"10,4";"50,5";"5,1";"8,3";"1.792";"3.102";"2,80";"738,4";"185"
"11000";"Berlin, Stadt";"krsfr. Stadt";"9,0";"11,1";"26,9";"50,8";"17,6";"12,0";"1.685";"3.126";"5,63";"560,1";"4.055"
"12051";"Brandenburg an der Havel, Stadt";"krsfr. Stadt";"9,3";"7,8";"11,5";"50,6";"4,8";"17,3";"1.516";"2.765";"12,57";"520,9";"313"
"12052";"Cottbus, Stadt";"krsfr. Stadt";"8,8";"7,1";"18,3";"50,7";"8,1";"24,3";"1.681";"2.653";"11,62";"439,3";"610"
"12053";"Frankfurt (Oder), Stadt";"krsfr. Stadt";"8,9";"6,9";"13,9";"51,6";"9,8";"21,9";"1.501";"2.692";"16,20";"437,9";"394"
"12054";"Potsdam, Stadt";"krsfr. Stadt";"6,0";"7,3";"27,3";"51,6";"8,0";"12,8";"1.667";"2.979";"9,15";"507,8";"933"
"12060";"Barnim";"Landkreis";"6,3";"6,6";"12,6";"50,4";"3,8";"20,6";"1.699";"2.402";"6,52";"818,4";"122"
"12061";"Dahme-Spreewald";"Landkreis";"4,7";"6,3";"13,3";"50,4";"4,4";"21,4";"1.734";"2.518";"6,04";"845,0";"74"
"12062";"Elbe-Elster";"Landkreis";"8,1";"4,6";"8,9";"50,4";"2,8";"24,2";"1.584";"2.215";"4,45";"777,9";"54"
"12063";"Havelland";"Landkreis";"6,4";"7,8";"11,7";"50,5";"4,0";"18,0";"1.686";"2.227";"3,02";"902,9";"93"
"12064";"Märkisch-Oderland";"Landkreis";"6,6";"6,5";"11,5";"50,4";"2,8";"20,8";"1.691";"2.408";"3,47";"781,1";"89"
"12065";"Oberhavel";"Landkreis";"6,2";"7,3";"12,4";"50,7";"3,6";"19,3";"1.769";"2.591";"5,24";"816,7";"116"
"12066";"Oberspreewald-Lausitz";"Landkreis";"9,2";"5,6";"10,6";"50,9";"3,2";"25,9";"1.632";"2.490";"4,58";"805,2";"91"
"12067";"Oder-Spree";"Landkreis";"7,3";"6,0";"11,9";"50,9";"3,9";"22,1";"1.691";"2.532";"7,59";"755,7";"79"
"12068";"Ostprignitz-Ruppin";"Landkreis";"7,7";"7,4";"8,8";"50,2";"3,5";"18,5";"1.574";"2.310";"11,52";"666,9";"39"
"12069";"Potsdam-Mittelmark";"Landkreis";"4,9";"6,7";"16,9";"50,5";"4,0";"15,4";"1.888";"2.479";"3,39";"951,8";"82"
"12070";"Prignitz";"Landkreis";"9,1";"6,5";"7,2";"50,2";"4,2";"18,3";"1.611";"2.239";"4,99";"750,1";"36"
"12071";"Spree-Neiße";"Landkreis";"7,4";"6,0";"10,4";"50,8";"3,2";"28,9";"1.690";"2.532";"4,48";"931,1";"70"
"12072";"Teltow-Fläming";"Landkreis";"5,6";"7,7";"10,3";"50,2";"4,8";"20,0";"1.657";"2.441";"2,97";"864,7";"79"
"12073";"Uckermark";"Landkreis";"12,4";"6,3";"9,0";"51,0";"4,0";"20,8";"1.540";"2.334";"5,76";"752,2";"39"
"13003";"Rostock, Stadt";"krsfr. Stadt";"8,7";"7,8";"20,4";"50,7";"5,9";"14,7";"1.532";"2.763";"7,30";"468,3";"1.149"
"13004";"Schwerin, Stadt";"krsfr. Stadt";"9,1";"6,9";"16,4";"51,9";"8,8";"15,6";"1.595";"2.795";"15,17";"451,9";"734"
"13071";"Mecklenburgische Seenplatte";"Landkreis";"10,6";"6,2";"11,0";"50,9";"3,1";"19,6";"1.584";"2.325";"6,27";"656,4";"47"
"13072";"Landkreis Rostock";"Landkreis";"6,6";"5,4";"12,2";"50,3";"3,0";"18,2";"1.686";"2.239";"3,66";"813,0";"63"
"13073";"Vorpommern-Rügen";"Landkreis";"9,9";"5,9";"9,8";"50,8";"3,9";"20,5";"1.602";"2.194";"5,05";"678,1";"70"
"13074";"Nordwestmecklenburg";"Landkreis";"6,9";"7,0";"10,6";"50,2";"3,4";"17,0";"1.611";"2.495";"3,78";"777,2";"74"
"13075";"Vorpommern-Greifswald";"Landkreis";"10,2";"7,1";"12,6";"50,9";"4,1";"22,7";"1.518";"2.244";"9,34";"646,0";"60"
"13076";"Ludwigslust-Parchim";"Landkreis";"6,0";"6,6";"8,4";"50,1";"4,6";"17,7";"1.676";"2.295";"4,49";"871,0";"45"
"14511";"Chemnitz, Stadt";"krsfr. Stadt";"7,6";"6,5";"20,9";"50,7";"7,4";"24,3";"1.701";"2.633";"9,43";"566,2";"1.117"
"14521";"Erzgebirgskreis";"Landkreis";"5,4";"5,3";"10,6";"51,1";"1,9";"28,9";"1.685";"2.191";"6,01";"777,1";"186"
"14522";"Mittelsachsen";"Landkreis";"5,9";"5,1";"12,8";"50,3";"3,1";"30,4";"1.695";"2.243";"4,33";"802,5";"146"
"14523";"Vogtlandkreis";"Landkreis";"5,9";"5,7";"12,0";"51,3";"3,3";"26,4";"1.682";"2.241";"7,44";"724,2";"163"
"14524";"Zwickau";"Landkreis";"5,8";"5,8";"12,8";"51,2";"3,1";"26,0";"1.740";"2.484";"6,23";"675,1";"337"
"14612";"Dresden, Stadt";"krsfr. Stadt";"6,6";"6,7";"30,2";"50,2";"7,0";"22,5";"1.616";"2.987";"6,98";"558,3";"1.678"
"14625";"Bautzen";"Landkreis";"6,2";"5,4";"12,9";"50,6";"2,0";"32,5";"1.696";"2.283";"5,65";"727,5";"126"
"14626";"Görlitz";"Landkreis";"9,2";"5,6";"12,3";"51,0";"4,2";"32,9";"1.594";"2.183";"7,04";"739,4";"122"
"14627";"Meißen";"Landkreis";"6,5";"5,2";"14,7";"50,7";"2,9";"32,9";"1.740";"2.418";"4,94";"699,9";"167"
"14628";"Sächsische Schweiz-Osterzgebirge";"Landkreis";"5,7";"5,7";"13,6";"50,7";"2,6";"35,5";"1.714";"2.298";"5,23";"779,1";"148"
"14713";"Leipzig, Stadt";"krsfr. Stadt";"7,7";"7,3";"26,9";"50,9";"9,0";"18,3";"1.491";"2.807";"7,05";"572,3";"1.954"
"14729";"Leipzig";"Landkreis";"6,1";"5,5";"13,6";"51,0";"2,3";"26,9";"1.766";"2.275";"4,40";"754,4";"156"
"14730";"Nordsachsen";"Landkreis";"7,8";"6,1";"10,7";"50,3";"3,7";"26,9";"1.638";"2.371";"7,22";"752,1";"98"
"15001";"Dessau-Roßlau, Stadt";"krsfr. Stadt";"8,8";"5,9";"14,0";"51,4";"5,5";"20,1";"1.667";"2.664";"11,42";"503,7";"335"
"15002";"Halle (Saale), Stadt";"krsfr. Stadt";"9,9";"8,3";"21,4";"51,6";"9,1";"17,1";"1.487";"2.806";"12,43";"478,3";"1.771"
"15003";"Magdeburg, Stadt";"krsfr. Stadt";"9,3";"7,4";"20,9";"50,7";"8,6";"15,7";"1.569";"2.760";"9,85";"523,0";"1.186"
"15081";"Altmarkkreis Salzwedel";"Landkreis";"7,8";"6,7";"8,5";"50,1";"3,6";"15,6";"1.695";"2.266";"5,04";"949,0";"37"
"15082";"Anhalt-Bitterfeld";"Landkreis";"8,1";"5,7";"9,6";"50,9";"3,5";"22,4";"1.643";"2.321";"5,33";"750,1";"111"
"15083";"Börde";"Landkreis";"5,9";"6,1";"9,1";"50,1";"3,1";"18,8";"1.739";"2.513";"3,57";"876,2";"73"
"15084";"Burgenlandkreis";"Landkreis";"8,1";"5,7";"8,9";"50,3";"5,1";"24,3";"1.625";"2.383";"5,99";"761,4";"129"
"15085";"Harz";"Landkreis";"6,4";"5,6";"9,7";"50,9";"3,0";"16,5";"1.667";"2.450";"7,19";"792,3";"103"
"15086";"Jerichower Land";"Landkreis";"7,8";"5,6";"10,2";"50,2";"3,4";"19,0";"1.724";"2.352";"8,30";"913,8";"57"
"15087";"Mansfeld-Südharz";"Landkreis";"11,1";"6,5";"8,6";"50,8";"2,9";"23,9";"1.596";"2.324";"5,37";"793,2";"95"
"15088";"Saalekreis";"Landkreis";"7,6";"6,0";"11,2";"50,5";"3,5";"24,0";"1.721";"2.528";"3,41";"843,2";"129"
"15089";"Salzlandkreis";"Landkreis";"9,8";"6,7";"8,6";"51,1";"3,1";"20,4";"1.607";"2.449";"6,71";"732,8";"135"
"15090";"Stendal";"Landkreis";"10,1";"6,3";"10,3";"50,6";"3,7";"17,7";"1.591";"2.358";"8,86";"739,8";"47"
"15091";"Wittenberg";"Landkreis";"7,9";"5,4";"8,9";"50,7";"3,2";"19,9";"1.685";"2.293";"4,64";"818,2";"66"
"16051";"Erfurt, Stadt";"krsfr. Stadt";"6,8";"7,2";"20,7";"51,3";"7,4";"18,5";"1.598";"2.679";"7,92";"505,9";"789"
"16052";"Gera, Stadt";"krsfr. Stadt";"9,8";"5,3";"12,1";"51,6";"5,8";"28,5";"1.639";"2.390";"10,21";"429,2";"623"
"16053";"Jena, Stadt";"krsfr. Stadt";"6,1";"5,8";"38,4";"50,1";"8,9";"14,4";"1.549";"3.066";"13,07";"487,3";"968"
"16054";"Suhl, Stadt";"krsfr. Stadt";"5,3";"6,1";"13,6";"51,3";"7,0";"19,9";"1.795";"2.540";"15,75";"395,1";"341"
"16055";"Weimar, Stadt";"krsfr. Stadt";"6,5";"6,8";"26,6";"51,5";"8,2";"16,1";"1.590";"2.902";"8,70";"484,4";"763"
"16056";"Eisenach, Stadt";"krsfr. Stadt";"7,1";"8,5";"13,0";"50,7";"7,9";"19,0";"1.629";"2.721";"9,30";"431,4";"410"
"16061";"Eichsfeld";"Landkreis";"4,3";"6,1";"8,4";"49,7";"3,3";"18,2";"1.669";"2.360";"4,13";"740,0";"107"
"16062";"Nordhausen";"Landkreis";"7,5";"6,7";"10,5";"50,5";"4,2";"21,1";"1.557";"2.467";"11,54";"632,1";"119"
"16063";"Wartburgkreis";"Landkreis";"4,4";"5,5";"8,5";"50,0";"2,8";"22,5";"1.746";"2.514";"4,22";"890,4";"95"
"16064";"Unstrut-Hainich-Kreis";"Landkreis";"8,2";"5,4";"9,2";"50,4";"3,5";"23,2";"1.585";"2.242";"12,27";"690,0";"106"
"16065";"Kyffhäuserkreis";"Landkreis";"8,7";"6,2";"7,9";"50,3";"2,8";"25,0";"1.554";"2.427";"5,99";"781,6";"73"
"16066";"Schmalkalden-Meiningen";"Landkreis";"4,5";"5,4";"10,9";"50,0";"3,2";"21,6";"1.724";"2.352";"6,52";"690,7";"102"
"16067";"Gotha";"Landkreis";"5,7";"6,4";"10,0";"50,2";"5,4";"23,2";"1.626";"2.468";"3,75";"811,5";"145"
"16068";"Sömmerda";"Landkreis";"6,1";"7,3";"8,6";"50,0";"2,6";"24,2";"1.628";"2.388";;"1.077,3";"87"
"16069";"Hildburghausen";"Landkreis";"3,9";"5,9";"8,3";"50,0";"2,9";"25,2";"1.714";"2.311";"7,96";"841,1";"68"
"16070";"Ilm-Kreis";"Landkreis";"5,8";"6,5";"14,3";"49,7";"5,3";"25,0";"1.630";"2.509";"5,14";"892,0";"129"
"16071";"Weimarer Land";"Landkreis";"4,5";"6,1";"12,0";"50,4";"3,5";"23,7";"1.650";"2.372";"12,97";"838,1";"102"
"16072";"Sonneberg";"Landkreis";"3,6";"7,9";"8,7";"50,8";"4,1";"25,6";"1.735";"2.362";"6,74";"704,5";"130"
"16073";"Saalfeld-Rudolstadt";"Landkreis";"5,9";"6,4";"10,5";"50,8";"2,7";"27,0";"1.692";"2.466";"9,18";"745,6";"104"
"16074";"Saale-Holzland-Kreis";"Landkreis";"5,0";"4,9";"12,8";"50,2";"2,9";"23,5";"1.676";"2.288";"7,73";"922,1";"102"
"16075";"Saale-Orla-Kreis";"Landkreis";"5,2";"5,8";"8,6";"50,5";"3,3";"26,5";"1.668";"2.253";"1,46";"857,9";"71"
"16076";"Greiz";"Landkreis";"5,7";"5,0";"10,0";"50,7";"2,3";"25,6";"1.710";"2.233";"4,08";"769,6";"117"
"16077";"Altenburger Land";"Landkreis";"8,6";"5,3";"8,7";"51,0";"3,2";"27,5";"1.655";"2.218";"6,56";"686,7";"159"
